ID,STAZIONE
364,ABANO TERME
365,ABBADIA LARIANA
366,ABBASANTA
367,ABBIATEGRASSO
368,ACATE
369,ACCIANO
370,ACERRA
371,ACIREALE
372,ACQUA ACETOSA
1,ACQUAFREDDA
373,ACQUAMELA
374,ACQUANEGRA CREMONESE
2,ACQUAPPESA
5453,ACQUASPARTA
376,ACQUAVIVA CASTELTERMINI
377,ACQUAVIVA DELLE FONTI
2499,ACQUEDOLCI-S.FRATELLO
188,ACQUI TERME
378,ADRIA
4,AFRICO NUOVO
379,AGLIANO CASTELNUOVO CALCEA
3252,AGOGNATE
383,AGRIGENTO BASSA
384,AGRIGENTO CENTRALE
5,AGROPOLI CASTELLABATE
386,AIELLI
387,AIRASCA
189,AIROLE
388,AIRUNO
389,ALA
390,ALANNO
391,ALANO FENER VALDOBBIADENE
190,ALASSIO
392,ALBA
393,ALBA ADRIATICA-NERETO-CONTROGUERRA
394,ALBACINA
779,ALBAIRATE-VERMEZZO
395,ALBANO DI LUCANIA
396,ALBANO LAZIALE
397,ALBANO S.ALESSANDRO
398,ALBANOVA
399,ALBAREDO
401,ALBATE-TRECALLO
191,ALBENGA
404,ALBINIA
192,ALBISOLA
405,ALBIZZATE SOLBIATE ARNO
406,ALBONESE
407,ALBUZZANO
409,ALCAMO DIRAMAZIONE
410,ALCANTARA
193,ALESSANDRIA
411,ALFEDENA-SCONTRONE
412,ALFONSINE
413,ALI' TERME
414,ALICE BELCOLLE
415,ALLERONA-CASTEL VISCARDO
416,ALPIGNANO
418,ALTAMURA
196,ALTARE
419,ALTAVILLA IRPINA
420,ALTAVILLA MILICIA
421,ALTAVILLA TAVERNELLE
422,ALTOPASCIO
423,ALVIANO
8,AMANTEA
424,AMBIVERE MAPELLO
9,AMENDOLARA ORIOLO
427,AMOROSI MELIZZANO
428,ANAGNI-FIUGGI
429,ANCONA
1096,ANCONA STADIO
3473,ANCONA TORRETTE
3365,ANCONETTA
4503,ANDORA
431,ANGRI
432,ANGUILLARA
1310,ANNA'
3466,ANNONE VENETO
434,ANTIGNANO
435,ANTRODOCO BORGO VELINO
436,ANTRODOCO CENTRO
437,ANVERSA-VILLALAGO-SCANNO
438,ANZANO DEL PARCO
439,ANZIO
440,ANZIO COLONIA
441,ANZOLA DELL'EMILIA
442,AOSTA
3501,AOSTA ISTITUTO
3502,AOSTA VIALE EUROPA
443,APICE S.ARCANGELO BONITO
3428,APPIANO
444,APRICENA
445,APRILIA
448,ARAGONA CALDARE
449,ARBIA
2110,ARBOSTELLA
450,ARCE
3594,ARCENE
451,ARCISATE
452,ARCOLA
453,ARCORE
455,ARDENNO MASINO
10,ARDORE
2115,ARECHI
457,ARENA PO
198,ARENZANO
458,AREZZO
459,ARGENTA
460,ARIANO IRPINO
461,ARONA
462,ARPINO
463,ARQUA'
199,ARQUATA SCRIVIA
464,ARSOLI
465,ARTEGNA
466,ARVIER
11,ASCEA
467,ASCIANO
468,ASCIANO MONTE OLIVETO MAGGIORE
469,ASCOLI PICENO
470,ASCOLI SATRIANO
472,ASOLA
473,ASSEMINI
3052,ASSEMINI CARMINE
3051,ASSEMINI S.LUCIA
474,ASSISI
475,ASTI
476,ATTIGLIANO-BOMARZO
480,AUGUSTA
3587,AULLA LUNIGIANA
483,AVELLINO
484,AVERSA
485,AVEZZANO
486,AVIANO
487,AVIGLIANA
488,AVIGLIANO LUCANIA
489,AVIO
490,AVISE
491,AVOLA
564,BADESSE
565,BADIA POLESINE
12,BADOLATO
566,BAGHERIA
567,BAGNACAVALLO
13,BAGNARA
568,BAGNARIA ARSA
569,BAGNASCO
570,BAGNI DI LUCCA
572,BAGNI DI TIVOLI
573,BAGNOLI AGNANO TERME
576,BAGNOLO MELLA
577,BAIANO DI SPOLETO
5043,BALANGERO
5439,BALANZANO
578,BALDICHIERI-TIGLIOLE
579,BALESTRATE
580,BALSORANO
3348,BALVANO RICIGLIANO
581,BALZOLA
583,BANDITO
584,BARAGIANO-RUOTI
585,BARANELLO
587,BARBERINO DI VAL D'ELSA
588,BARBIANELLO
589,BARBIANO
591,BARCELLONA-CASTROREALE
593,BARDONECCHIA
594,BARGA GALLICANO
595,BARI CENTRALE
3234,BARI LOSETO
555,BARI PALESE MACCHIE
557,BARI PARCO SUD
3233,BARI S.RITA
560,BARI S.SPIRITO
562,BARI TORRE A MARE
2699,BARI TORRE QUETTA
2468,BARI VILLAGGIO DEL LAVORATORE
563,BARI ZONA INDUSTRIALE
596,BARICETTA
597,BARILE
598,BARLETTA
599,BARONISSI
601,BASILIANO
602,BASSANO DEL GRAPPA
604,BASSANO ROMANO
605,BASTIA
608,BATTAGLIA TERME
14,BATTIPAGLIA
5420,BAUCCA-GARAVELLE
610,BAVENO
611,BAZZANA
3179,BAZZANO
612,BEAULARD
613,BEFFI
614,BEINETTE
615,BELGIOIOSO
616,BELGIRATE
617,BELLA MURO
618,BELLANO TARTAVALLE TERME
619,BELLANTE RIPATTONE
620,BELLARIA
623,BELLINZAGO
624,BELLISIO SOLFARE
625,BELLUNO
15,BELMONTE CALABRO
16,BELVEDERE MARITTIMO
626,BENEVENTO
628,BENEVENTO ARCO TRAIANO
670,BENEVENTO PORTA RUFINA
629,BERCETO
630,BERCHIDDA
631,BERGAMASCO
632,BERGAMO
3183,BERGAMO OSPEDALE
633,BERNALDA
634,BESANA
635,BESNATE
636,BESOZZO
200,BEVERA
638,BEVILACQUA
639,BIAGIONI LAGACCI
17,BIANCO
640,BIANZE'
641,BIANZONE
642,BIASSONO-LESMO PARCO
646,BIBIANA
647,BICOCCA
648,BIELLA CHIAVAZZA
649,BIELLA S.PAOLO
650,BIFORCO
652,BISCEGLIE
653,BISTAGNO
654,BISUSCHIO-VIGGIU'
655,BITETTO PALO DEL COLLE
3235,BITRITTO
520,BIVIO D'AURISINA
213,BOGLIASCO
681,BOIANO
682,BOLGHERI
672,BOLOGNA BORGO PANIGALE
942,BOLOGNA C.LE/AV
683,BOLOGNA CENTRALE
673,BOLOGNA CORTICELLA
1249,BOLOGNA FIERE
1709,BOLOGNA MAZZINI
679,BOLOGNA S.RUFFILLO
2003,BOLOGNA S.VITALE
685,BOLZANO
1966,BOLZANO CASANOVA
686,BOLZANO NOVARESE
687,BOLZANO SUD
214,BONASSOLA
689,BONEFRO S.CROCE
690,BONFERRARO
691,BONORVA
215,BORDIGHERA
5035,BORGARO
693,BORGHETTO PARMENSE
216,BORGHETTO S.SPIRITO
694,BORGHETTO SULL'ADIGE
217,BORGIO VEREZZI
695,BORGO
696,BORGO A BUGGIANO
697,BORGO A MOZZANO
218,BORGO FORNARI PER VOLTAGGIO
698,BORGO LAVEZZARO
699,BORGO REVEL
700,BORGO S.DALMAZZO
701,BORGO S.LORENZO
702,BORGO S.LORENZO RIMORELLI
703,BORGO S.MARTINO
704,BORGO TICINO
705,BORGO VAL DI TARO
706,BORGO VALSUGANA CENTRO
3503,BORGO VALSUGANA EST
707,BORGO VERCELLI
1547,BORGOCHIESANUOVA
709,BORGOFRANCO
710,BORGOLOMBARDO
711,BORGOMANERO
712,BORGONE
713,BORGONUOVO
714,BORGORATTO
715,BORGOSESIA
716,BORORE
717,BOSCHI S.ANNA
5023,BOSCONERO
21,BOTRICELLO
22,BOVA MARINA
23,BOVALINO
722,BOVINO DELICETO
724,BOVOLONE
725,BOZZOLO
727,BRA
728,BRACCIANO
3437,BRAGNO
24,BRANCALEONE
729,BRANDIZZO
730,BREIL SUR ROYA
731,BRENNA-ALZATE
732,BRENNERO
734,BRESCIA
736,BRESSANA ARGINE
737,BRESSANA BOTTARONE
738,BRESSANONE
25,BRIATICO
740,BRICHERASIO
741,BRINDISI
2723,BRINDISI CITTADELLA DELLA RICERCA
2786,BRINDISI PERRINO
743,BRIONA
744,BRISIGHELLA
745,BROLO FICARRA
746,BRONI
747,BRONZOLO
748,BROZOLO
750,BRUCOLI
751,BRUNICO
1967,BRUNICO NORD
752,BRUNO
753,BRUZOLO DI SUSA
754,BUCCINO S.GREGORIO MAGNO
755,BUCINE
756,BUDOIA POLCENIGO
757,BUGNARA
758,BUONCONVENTO
760,BURONZO
2386,BUSA DI VIGONZA
219,BUSALLA
761,BUSCA
762,BUSCHE LENTIAI MEL
763,BUSSETO
764,BUSSI
765,BUSSOLENO
766,BUSTO ARSIZIO
768,BUTTAFAVA
769,BUTTAPIETRA
770,BUTTRIO
778,CA` DI BOSCHETTI
785,CADEO
787,CAGLIARI
788,CAGLIARI ELMAS
3164,CAGLIARI S.GILLA
790,CAIRO MONTENOTTE
791,CALA SABINA
792,CALALZO PIEVE CADORE CORTINA
793,CALAMANDRANA
794,CALATABIANO
795,CALATAFIMI
797,CALCERANICA
801,CALDE'
3537,CALDERARA-BARGELLINO
803,CALDONAZZO
804,CALENZANO
807,CALOLZIOCORTE OLGINATE
26,CALOPEZZATI
809,CALTAGIRONE
772,CALTANISSETTA CENTRALE
773,CALTANISSETTA XIRBI
810,CALTIGNAGA
811,CALUSCO
812,CALUSO
813,CALVISANO
814,CAMAIORE LIDO CAPEZZANO
817,CAMBIANO SANTENA
2439,CAMERANO ASPIO
818,CAMMARATA S.GIOVANNI GEMINI
819,CAMNAGO-LENTATE
221,CAMOGLI S.FRUTTUOSO
820,CAMPAGNA SERRE PERSANO
822,CAMPELLO SUL CLITUNNO
823,CAMPIGLIA MARITTIMA
2174,CAMPO DI CARNE
824,CAMPO DI GIOVE
771,CAMPO DI GIOVE-MONTE MAIELLA
826,CAMPO DI TRENS
222,CAMPO LIGURE-MASONE
827,CAMPOBASSO
828,CAMPOBELLO DI MAZARA
829,CAMPOBELLO RAVANUSA
831,CAMPODARSEGO
832,CAMPOFELICE
833,CAMPOFRANCO
835,CAMPOLEONE
836,CAMPOLIETO MONACILIONI
838,CAMPOMARINO
3421,CAMPOMIGLIAIO
27,CAMPORA S.GIOVANNI SERRA AIELLO
840,CAMPORGIANO
842,CAMPOSAMPIERO
843,CAMPOSANTO
844,CAMUCIA CORTONA
845,CANARO
847,CANCELLIERA
848,CANCELLO
849,CANCELLO ARNONE
852,CANDELO
853,CANDIA CANAVESE
854,CANDIA LOMELLINA
856,CANDIOLO
858,CANEGRATE
859,CANELLI
860,CANETRA
861,CANICATTI'
863,CANISTRO
865,CANNE DELLA BATTAGLIA
866,CANNETO SULL'OGLIO
867,CANNIZZARO
868,CANOSA DI PUGLIA
5422,CANOSCIO
3181,CANSANO
3256,CANSANO SCAVI DI OCRITICUM
2974,CANTELLO GAGGIOLO
872,CANTU'
873,CANTU'-CERMENATE
874,CAORSO
28,CAPACCIO ROCCADASPIDE
3224,CAPACI
876,CAPALBIO
877,CAPANNELLE
878,CAPISTRELLO
30,CAPO BONIFATI
879,CAPO D'ORLANDO-NASO
31,CAPO SPARTIVENTO
880,CAPOCROCE
882,CAPPELLE-MAGLIANO
883,CAPRALBA
884,CAPRANICA-SUTRI
886,CAPRIATI AL VOLTURNO
888,CAPRIVA
889,CAPUA
891,CARATE-CALO'
892,CARAVAGGIO
893,CARBONA
968,CARBONIA SERBARIU
894,CARBONIA STATO
898,CARENTINO
34,CARIATI
899,CARIMATE
900,CARINI
3442,CARINI TORRE CIACHEA
902,CARMAGNOLA
904,CARMIGNANO DI BRENTA
905,CARNATE USMATE
906,CARNIA
908,CARONIA
909,CAROVIGNO
910,CAROVILLI-ROCCASICURA
911,CARPANE'-VALSTAGNA
912,CARPI
913,CARPIGNANO SESIA
914,CARPINONE
915,CARRARA AVENZA
916,CARRITO-ORTONA
918,CARRUBA
919,CARSOLI
921,CASABIANCA
922,CASACALENDA GUARDIALFIERA
924,CASALBORDINO POLLUTRI
926,CASALBUTTANO
927,CASALE MONFERRATO
929,CASALECCHIO DI RENO
3506,CASALECCHIO GARIBALDI
930,CASALEGGIO
932,CASALETTO VAPRIO
934,CASALMAGGIORE
935,CASALNUOVO
937,CASALPUSTERLENGO
938,CASARSA
939,CASCINA
5036,CASELLE TORINESE
3257,CASELLO KM 19
945,CASERTA
946,CASINO DI TERRA
947,CASLETTO-ROGENO
948,CASORATE SEMPIONE
949,CASORIA-AFRAGOLA
950,CASSAGO-NIBIONNO-BULCIAGO
951,CASSANO D'ADDA
954,CASSINE
955,CASSINO
956,CASSOLA
959,CASTAGNARO
960,CASTAGNETO CARDUCCI-DONORATICO
961,CASTAGNO
962,CASTAGNOLE DELLE LANZE
964,CASTEGGIO
967,CASTEL D'ARIO
969,CASTEL DI SANGRO
970,CASTEL GANDOLFO
971,CASTEL LAGOPESOLE
972,CASTEL MADAMA
973,CASTEL S.ANGELO
974,CASTEL S.GIORGIO ROCCAPIEMONTE
975,CASTEL S.GIOVANNI
976,CASTEL S.PIETRO TERME
978,CASTELBOLOGNESE-RIOLO TERME
980,CASTELDACCIA
981,CASTELDARNE
3505,CASTELDEBOLE
982,CASTELFERRETTI-FALCONARA AEROPORTO
983,CASTELFIORENTINO
985,CASTELFRANCO EMILIA
987,CASTELFRANCO VENETO
988,CASTELGUELFO
989,CASTELL'ALFERO
991,CASTELLALTO CANZANO
958,CASTELLAMMARE DEL GOLFO
992,CASTELLAMMARE DI STABIA
993,CASTELLANETA
994,CASTELLANETA MARINA
997,CASTELLEONE
999,CASTELLETTO TICINO
1000,CASTELLINA IN CHIANTI-MONTERIGGIONI
1004,CASTELLO D'ANNONE
957,CASTELLO DI GODEGO
1005,CASTELLUCCHIO
1007,CASTELMAGGIORE
1009,CASTELNUOVO BELBO
1010,CASTELNUOVO BERARDENGA
1011,CASTELNUOVO DEL GARDA
1012,CASTELNUOVO DI GARFAGNANA
1013,CASTELPLANIO CUPRAMONTANA
1014,CASTELRAIMONDO CAMERINO
1015,CASTELROSSO
1016,CASTELVECCHIO PASCOLI
1018,CASTELVETRANO
1019,CASTELVETRO
1020,CASTIGLION DEL LAGO
1021,CASTIGLION FIORENTINO
1022,CASTIGLIONCELLO
38,CASTIGLIONE COSENTINO
1025,CASTIONE ANDEVENNO
1026,CASTIONE DEI MARCHESI
1027,CASTRO-POFI-VALLECORSA
1029,CASTRONNO
1031,CATANIA ACQUICELLA
3209,CATANIA AEROPORTO FONTANAROSSA
1032,CATANIA CENTRALE
39,CATANZARO
40,CATANZARO LIDO
1034,CATENANUOVA-CENTURIPE
1035,CATTOLICA S.GIOVANNI GABICCE
41,CAULONIA
1037,CAVA CARBONARA
1038,CAVA DEI TIRRENI
1040,CAVA TIGOZZI
1041,CAVAGNOLO BRUSASCO
1042,CAVALLEGGERI AOSTA
1043,CAVALLERMAGGIORE
1044,CAVANELLA D'ADIGE
1046,CAVARIA OGGIONA IERAGO
1047,CAVAZZALE
227,CAVI
1049,CECCANO
1050,CECCHINA
1051,CECINA
1053,CEFALU'
1054,CEGGIA
1055,CELANO-OVINDOLI
228,CELLE
42,CELLE BULGHERIA ROCCAGLORIOSA
1056,CENGIO
1057,CENTALLO
43,CENTOLA-PALINURO-MARINA DI CAMEROTA
1058,CEPRANO-FALVATERRA
5416,CERBARA
1061,CERCHIO
1062,CERDA
1063,CEREA
1064,CEREGNANO
229,CERIALE
1065,CERIGNOLA CAMPAGNA
1066,CERNUSCO-MERATE
5444,CERQUETO
1067,CERRETO D'ESI
1068,CERTALDO
1069,CERTOSA DI PAVIA
1072,CERVIA-MILANO MARITTIMA
1073,CERVIGNANO-AQUILEIA-GRADO
780,CESANO BOSCONE
1075,CESANO DI ROMA
1077,CESENA
1078,CESENATICO
5267,CESI
44,CETRARO
1079,CEVA
1081,CHATILLON-SAINT-VINCENT
1083,CHIANCHE CEPPALONI
1084,CHIARAVALLE
1085,CHIARI
1087,CHIASSO
231,CHIAVARI
1089,CHIAVENNA
1090,CHIERI
1091,CHIETI
2663,CHIETI-MADONNA DELLE PIANE
1092,CHIEUTI SERRACAPRIOLA
1093,CHIGNOLO PO
1094,CHIOGGIA
1095,CHIOMONTE
1099,CHIUDUNO
1100,CHIURO
1101,CHIUSA
1103,CHIUSANO COSSOMBRATO
1104,CHIUSI-CHIANCIANO TERME
1105,CHIVASSO
1106,CIAMPINO
1110,CINISI TERRASINI
5039,CIRIE'
46,CIRO'
1111,CISANO CAPRINO BERGAMASCO
1112,CISMON DEL GRAPPA
1113,CISTERNA DI LATINA
1114,CISTERNINO
5419,CITTA' DI CASTELLO
5418,CITTA` DI CASTELLO - FORNACE
5417,CITTA` DI CASTELLO - ZONA INDUSTRIALE
1117,CITTADELLA
1118,CITTADUCALE
1119,CIVATE
799,CIVIDATE-CALCIO
1120,CIVITA CASTELLANA-MAGLIANO
1121,CIVITA D'ANTINO-MORINO
1122,CIVITANOVA MARCHE-MONTEGRANARO
1123,CIVITAVECCHIA
1124,CIVITELLA PAGANICO
1125,CIVITELLA ROVETO
1127,CLASSE
1128,COCCAGLIO
1129,COCCONATO
1130,COCULLO
1134,CODOGNO
1135,CODOLA
1136,CODROIPO
232,COGOLETO
1138,COLFELICE
1139,COLICO
1140,COLLARMELE
1141,COLLE ISARCO
1142,COLLE MATTIA
1144,COLLECCHIO
1145,COLLEFERRO-SEGNI-PALIANO
1146,COLLEGNO
5450,COLLEVALENZA R.R.
1148,COLLEVECCHIO-POGGIO SOMMAVILLA
2333,COLLI DEL TRONTO
1149,COLLI DI MONTE BOVE
1151,COLOGNE
1152,COLONNA GALLERIA
1153,COLORNO
1154,COMIGNAGO
1155,COMISO
3222,COMO CAMERLATA
1158,COMO S.GIOVANNI
1159,COMPIOBBI
1160,COMPRE S.VINCENZO
48,CONDOFURI
1162,CONDOVE-CHIUSA S.MICHELE
1163,CONEGLIANO
1166,CONSELICE
1167,CONTEA LONDA
1168,CONTESSE
1169,CONTIGLIANO
1170,CONTURSI TERME
1174,CORBETTA-S.STEFANO TICINO
1175,CORBEZZI
1178,CORDOVADO SESTO
49,CORIGLIANO CALABRO
1180,CORMONS
233,CORNIGLIA
1182,CORNINO
1183,CORNUDA
1184,CORONELLA
1185,CORRIDONIA MOGLIANO
1186,CORSANO
1187,CORSICO
1188,CORTEOLONA
50,COSENZA
1189,COSIO TRAONA
1190,COSSATO
1192,COSTA
1193,COSTA MASNAGA
1194,COSTIGLIOLE (MOTTA DI)
1195,COSTIGLIOLE D`ASTI
1196,COSTIGLIOLE SALUZZO
1197,COTIGNOLA
1201,CREMA
1202,CREMONA
1203,CRESCENTINO
1204,CRESPINO DEL LAMONE
1205,CRESSA FONTANETO
1206,CREVALCORE
51,CROPANI
52,CROTONE
53,CRUCOLI
1208,CUCCIAGO
1211,CUNEO
1212,CUNEO GESSO
1213,CUNICO SCANDELUZZA
1214,CUPONE
1215,CUPRAMARITTIMA
1216,CUREGGIO
54,CURINGA
1217,CUSANO
55,CUTRO
1218,CUZZAGO (MI)
3208,CUZZAGO (NO)
1223,DECIMOMANNU
1224,DEGO
234,DEIVA MARINA
1225,DELEBIO
1227,DERBY
5441,DERUTA
1228,DERVIO
1229,DESENZANO DEL GARDA-SIRMIONE
1230,DESIO
56,DIAMANTE BUONVICINO
4502,DIANO
1240,DICOMANO
1241,DIECIMO-PESCAGLIA
1246,DITTAINO
1247,DOBBIACO
1251,DOLO
1252,DOMEGLIARA-S.AMBROGIO
1253,DOMODOSSOLA
1255,DONNAFUGATA
1256,DONNAS
1258,DORIO
1259,DORMELLETTO
1260,DORMELLETTO PAESE
1261,DOSSOBUONO
1263,DUBINO
3199,DUCA D'AOSTA
1265,DUEVILLE
3513,DUOMO VIA VERNIERI
1266,EBOLI
1267,ECA NASAGO`
1268,EGNA-TERMENO
1270,ELLERA CORCIANO
1048,ELMAS AEROPORTO
1271,EMPOLI
1272,ENAS
1273,ENNA
1275,EQUI TERME
1276,ESTE
2288,EUROPA PES
1281,FABRIANO
1282,FABRIANO CA' MAIANO
1284,FABRO-FICULLE
1286,FAE'-FORTOGNA
1285,FAENZA
3405,FAGARE'
1287,FAGNANO CAMPANA
1288,FALCIANO-MONDRAGONE-CARINOLA
1289,FALCONARA
1291,FALCONARA MARITTIMA
3577,FALCONARA STADIO
1292,FALCONE
59,FALERNA
5442,FANCIULLATA
1293,FANNA-CAVASSO
1294,FANO
1295,FANZOLO
1296,FARA
1297,FARA SABINA-MONTELIBRETTI
1299,FASANO
60,FAVAZZINA
1302,FEDERICO
1303,FELEGARA-S.ANDREA BAGNI
5024,FELETTO
1304,FELIZZANO
1306,FELTRE
1307,FERENTINO-SUPINO
1308,FERRANDINA SCALO-MATERA
237,FERRANIA
1309,FERRARA
1311,FERRERA LOMELLINA
62,FERRUZZANO
644,FICARAZZI
3351,FIDENE
1317,FIDENZA
1318,FIERA
4040,FIERA DI ROMA
3415,FIESOLE CALDINE
1319,FIGLINE VALDARNO
1320,FILATTIERA
1322,FILIANO
238,FINALE LIGURE MARINA
1324,FIORENZUOLA
1312,FIRENZE CAMPO MARTE
1314,FIRENZE CASTELLO
1315,FIRENZE RIFREDI
3369,FIRENZE ROVEZZANO
1325,FIRENZE SANTA MARIA NOVELLA
1316,FIRENZE STATUTO
1326,FISCIANO
3151,FIUMARA GAZZI
63,FIUMEFREDDO BRUZIO
1328,FIUMEFREDDO DI SICILIA
1329,FIUMELATTE
1330,FIUMETORTO
1327,FIUMICINO AEROPORTO
1333,FIVIZZANO ROMETTA-SOLIERA
1332,FIVIZZANO-GASSANO
1334,FOGGIA
1335,FOGNANO
1336,FOLIGNO
1337,FOLLONICA
1338,FONDI-SPERLONGA
1339,FONTAN SAORGE
1341,FONTANA LIRI
1340,FONTANA LIRI INFERIORE
1342,FONTANAFREDDA
1343,FONTANAROSA-CERVARO
4087,FONTANE BIANCHE
1344,FONTANETTO PO
1345,FONTANIVA
1346,FONTECCHIO
1348,FORENZA
1349,FORGARIA BAGNI ANDUINS
1350,FORLI'
1351,FORLIMPOPOLI-BERTINORO
1352,FORMIA-GAETA
1353,FORNACI DI BARGA
1354,FORNOVO
1355,FORTE DEI MARMI-SERAVEZZA-QUERCETA
1356,FORTEZZA
1357,FOSCIANDORA-CESERANA
1359,FOSSACESIA-TORINO DI SANGRO
1360,FOSSALTA DI PIAVE
1362,FOSSANO
1363,FOSSATO DI VICO GUBBIO
1364,FRAGNETO MONFORTE
239,FRAMURA
1367,FRANCAVILLA AL MARE
64,FRANCAVILLA ANGITOLA-FILADELFIA
1366,FRANCAVILLA FONTANA
1369,FRANCIOSA
1370,FRASCATI
3349,FRASSO
1371,FRASSO TELESINO-DUGENTA
1372,FRATTA
5446,FRATTA TODINA
1373,FRATTAMAGGIORE-GRUMO
1375,FRATTE
1376,FRATTE CENTRO
5143,FRATTE VILLA COMUNALE
1377,FROSINONE
240,FRUGAROLO BOSCOMARENGO
3518,FUNO CENTERGROSS
5454,FURAPANE
1381,FURCI
65,FUSCALDO
1386,GAGGIANO
3162,GAGGIO PORTA EST
1388,GAGLIOLE
1389,GAIBANELLA
1390,GAIFANA
1391,GALATI
1393,GALLARATE
1396,GALLESE IN TEVERINA
1397,GALLIERA
1398,GALLIERA VENETA TOMBOLO
1401,GAMBETTOLA
1402,GAMBOLO'-REMONDO'
1404,GARBAGNA
1405,GARESSIO
3504,GARGAZZONE
1407,GARLASCO
1408,GATTEO A MARE
1409,GATTINARA
1410,GAVIGNANO SABINO
1411,GAVORRANO
1413,GAZZADA SCHIANNO MORAZZONE
1414,GAZZO DI BIGARELLO
1415,GAZZO PIEVE S.GIACOMO
1416,GELA
1417,GELA-ANIC
2380,GEMELLI
1419,GEMONA DEL FRIULI
1420,GENGA S.VITTORE TERME
242,GENOVA ACQUASANTA
243,GENOVA BOLZANETO
244,GENOVA BORZOLI
245,GENOVA BRIGNOLE
248,GENOVA CORNIGLIANO
249,GENOVA COSTA DI SESTRI PONENTE
251,GENOVA GRANARA
254,GENOVA NERVI
256,GENOVA PEGLI
257,GENOVA PIAZZA PRINCIPE
255,GENOVA PIAZZA PRINCIPE SOTTERRANEA
258,GENOVA PONTEDECIMO
259,GENOVA PRA
260,GENOVA QUARTO DEI MILLE
261,GENOVA QUINTO AL MARE
262,GENOVA RIVAROLO
204,GENOVA S.BIAGIO
263,GENOVA SAMPIERDARENA
266,GENOVA SESTRI PONENTE AEROPORTO
267,GENOVA STURLA
269,GENOVA VESIMA
203,GENOVA VIA DI FRANCIA
270,GENOVA VOLTRI
5045,GERMAGNANO
1425,GHEDI
1426,GHEMME
1427,GHISLARENGO
1428,GHIVIZZANO-COREGLIA
1429,GIACHERY
1430,GIAMPILIERI
1431,GIAROLE
1432,GIARRE RIPOSTO
1433,GIAVE
1434,GINOSA
1435,GIOIA DEL COLLE
67,GIOIA TAURO
68,GIOIOSA JONICA
1436,GIOJOSA MAREA
1437,GIOVINAZZO
1438,GIUGLIANO QUALIANO
1439,GIULIANOVA
69,GIZZERIA LIDO
1442,GLORIE
1443,GODO
1383,GOLFO ARANCI
1444,GONZAGA-REGGIOLO
3408,GORGO AL MONTICANO
1445,GORIANO SICOLI
1446,GORIZIA CENTRALE
1447,GOZZANO
1451,GRAGNOLA
1452,GRAMMICHELE
1453,GRANAIOLO
1454,GRANAROLO FAENTINO
1456,GRASSANO-GARAGUSO-TRICARICO
1457,GRAVELLONA TOCE
1458,GRAVINA IN PUGLIA
1459,GRECCIO
1460,GRICIGNANO-TEVEROLA
1462,GRIGNASCO
1463,GRIGNO
1464,GRISIGNANO DI ZOCCO
70,GRISOLIA S.MARIA
1465,GRIZZANA
1467,GROPELLO CAIROLI
1468,GROSSETO
1469,GROTTAGLIE
1470,GROTTAMMARE
1471,GROTTE
1472,GROTTE S.STEFANO
3166,GRUGLIASCO
1473,GRUMELLO DEL MONTE
1474,GRUMO APPULA
1475,GUALDO TADINO
71,GUARDAVALLE
1384,GUARDIA MANGANO S.VENERINA
72,GUARDIA PIEMONTESE TERME
1481,GUIDONIA-MONTECELIO-S.ANGELO
1482,HONE-BARD
1483,IGEA MARINA
1484,IGLESIAS
1485,IL NETO
5447,ILCI-PIAN DEI MORI
1487,IMOLA
4501,IMPERIA
1488,INCISA
1489,INCISA SCAPACCINO
1490,INCORONATA
1492,INDUNO OLONA
3427,IPOGEO DEGLI OTTAVI
1497,ISERNIA
1499,ISOLA D`ASTI
274,ISOLA DEL CANTONE
1501,ISOLA DELLA SCALA
1500,ISOLA DELLE FEMMINE
1502,ISOLA LIRI
1503,ISOLETTA-S.GIOVANNI INCARICO
1504,ISPICA
1506,ISTRANA
1507,ITRI
1508,IVREA
1509,JESI
74,JOPPOLO
1510,L'AQUILA
3174,L'AQUILA CAMPO DI PILE
2917,L'AQUILA S.GREGORIO
2901,L'AQUILA SASSA NUCLEO SVILUPPO
1511,LA BRIGUE
5413,LA DOGANA
1512,LA FIORA
1513,LA GIUSTINIANA
4043,LA RUSTICA CITTA'
1515,LA RUSTICA UIR
1516,LA SALLE
275,LA SPEZIA CENTRALE
1517,LA SPEZIA MIGLIARINA
1519,LA STORTA
1520,LABICO
1521,LABRO MOGGIO
1071,LADISPOLI-CERVETERI
276,LAIGUEGLIA
1525,LAIVES
1526,LAMA
1527,LAMA DI RENO
1528,LAMBRINIA
75,LAMEZIA TERME CENTRALE
76,LAMEZIA TERME NICASTRO
77,LAMEZIA TERME SAMBIASE
1529,LANA-POSTAL
1530,LANCENIGO
1531,LANUVIO
1532,LANZARA FIMIANI
5044,LANZO TORINESE
1534,LARINO
2865,LASCARI
4031,LASTRA A SIGNA
1537,LATERINA
1538,LATIANO
1539,LATINA
1540,LATISANA LIGNANO-BIBIONE
1541,LAURIANO
277,LAVAGNA
1542,LAVENO MOMBELLO
1543,LAVEZZOLA
1545,LAVIS
3449,LE CURE
3534,LE PIAGGE
1549,LECCE
1550,LECCO
1551,LECCO MAGGIANICO
1552,LEGGIUNO MONVALLE
1553,LEGNAGO
1554,LEGNANO
1555,LENDINARA
1557,LENTINI
1558,LENTINI DIRAMAZIONE
2154,LEONFORTE-PIRATO
2595,LERCARA DIRAMAZIONE
1561,LERINO
1562,LESA
1563,LESEGNO
1565,LESMO
1566,LETOJANNI
1567,LEVADA
278,LEVANTO
895,LEVATA
3595,LEVATE
1568,LEVICO TERME
1572,LICATA
1573,LIDO DI CLASSE-LIDO DI SAVIO
1574,LIDO DI LAVINIO
1575,LIERNA
1576,LIMONE
1580,LISON
1581,LISSONE-MUGGIO'
1582,LIVORNO CENTRALE
1570,LIVORNO FERRARIS
279,LOANO
1583,LOCATE TRIULZI
78,LOCRI
1584,LODI
2326,LOLLI
1585,LOMELLO
1586,LONATO
1587,LONGARONE ZOLDO
79,LONGOBARDI
1588,LONIGO
1589,LOREO
1590,LORETO
1591,LUCCA
1592,LUGO
1593,LUINO
1594,LUMIGNACCO
1597,LUNGHEZZA
1598,LUNI
1600,LUSERNA S. GIOVANNI
1602,MACCARESE-FREGENE
1603,MACERATA
3576,MACERATA FONTESCODELLA
3206,MACERATA UNIVERSITA'
1605,MACHERIO SOVICO
1604,MACHERIO-CANONICA
1606,MACOMER
1608,MADDALONI INFERIORE
1609,MADDALONI SUPERIORE
3372,MADIGNANO
1614,MADONNA DEL PILONE
1617,MAERNE DI MARTELLAGO
1618,MAGENTA
1619,MAGIONE
1620,MAGLIANA
1621,MAGLIANO CRAVA MOROZZO
1623,MAGRE'-CORTACCIA
1626,MALEO
1628,MALTIGNANO DEL TRONTO
280,MANAROLA
80,MANDATORICCIO CAMPANA
1632,MANDELLO DEL LARIO
1634,MANERBIO
1635,MANFREDONIA
3171,MANFREDONIA OVEST
1636,MANIAGO
1637,MANOPPELLO
1638,MANTA
1639,MANTOVA
1744,MANTOVA FRASSINE
1640,MANZANO
1641,MANZIANA-CANALE MONTERANO
1643,MARANO TICINO
1642,MARANO VICENTINO
81,MARATEA
1644,MARAUSA
1645,MARCARIA
2026,MARCELLINA-PALOMBARA
82,MARCELLINA-VERBICARO-ORSOMARSO
83,MARCELLINARA
1647,MARCIANISE
554,MARCONI
1648,MARECHIARO
2313,MAREDOLCE
1649,MARGARITA
1650,MARIANOPOLI
1652,MARINA DI CERVETERI
85,MARINA DI MARATEA
86,MARINA DI S.LORENZO
1653,MARINELLA
1654,MARINO DEL TRONTO-FOLIGNANO
1655,MARINO LAZIALE
1658,MARMORE
1659,MAROTTA-MONDOLFO
1660,MARRADI-PALAZZUOLO SUL SENIO
1661,MARRUBIU-TERRALBA-ARBOREA
1662,MARSALA
5445,MARSCIANO
3250,MARTINSICURO
1664,MARZABOTTO
1666,MARZOCCA
1667,MASCALI
1670,MASSA CENTRO
5452,MASSA MARTANA
1673,MASSAFRA
1674,MASSALOMBARDA
1675,MASSAROSA BOZZANO
1677,MATELICA
5042,MATHI
1679,MATRICE-MONTAGANO-S.GIOVANNI IN GALDO
1681,MAZARA DEL VALLO
1682,MEDE
1683,MEDESANO
1684,MEDUNO
1686,MEINA
1687,MELANO MARISCHIO
282,MELE
1688,MELEGNANO
1689,MELFI
87,MELITO DI PORTO SALVO
1690,MELZO
1691,MEOLO
1692,MERANA
1693,MERANO
1694,MERANO-MAIA BASSA
2083,MERCATELLO
1695,MERCATO S.SEVERINO
1696,MERCENASCO
1697,MERGOZZO
1699,MESAGNE
1700,MESSINA CENTRALE
1703,MESTRINO
88,METAPONTO
1704,MEZZANI RONDANI
1705,MEZZANO
1706,MEZZOCORONA
1727,MIGNANO MONTE LUNGO
1728,MILANO CENTRALE
1708,MILANO CERTOSA
3468,MILANO DATEO
3169,MILANO FORLANINI
1711,MILANO GRECO PIRELLI
1712,MILANO LAMBRATE
1713,MILANO LANCETTI
1715,MILANO PORTA GARIBALDI
1714,MILANO PORTA GARIBALDI SOTTERRANEA
1716,MILANO PORTA GENOVA
1717,MILANO PORTA ROMANA
1723,MILANO PORTA VENEZIA
1718,MILANO PORTA VITTORIA
1719,MILANO REPUBBLICA
1720,MILANO ROGOREDO
58,MILANO ROMOLO
1721,MILANO S.CRISTOFORO
3251,MILANO TIBALDI UNIVERSITA' BOCCONI
3099,MILANO VILLAPIZZONE
1729,MILAZZO
89,MILETO
3152,MILI MARINA
1730,MILITELLO
1735,MINERVINO MURGE
1736,MINTURNO-SCAURI
1737,MINUCCIANO-PIEVE-CASOLA
1738,MIRA MIRANO
1739,MIRADOLO TERME
1740,MIRAMARE
1741,MIRANDOLA
90,MIRTO CROSIA
1743,MISANO ADRIATICO
1745,MODANE
1746,MODANE FOURNEAUX
1747,MODENA
1748,MODICA
3197,MODUGNO
1753,MOGLIANO VENETO
1754,MOIANA
1756,MOLA DI BARI
284,MOLARE
1757,MOLFETTA
1758,MOLINA-CASTELVECCHIO SUBEQUO
1760,MOLINO DEL PALLONE
1761,MOLTENO
1762,MOMBALDONE-ROCCAVERANO
1763,MOMBARUZZO
1764,MOMO
91,MONASTERACE-STILO
1765,MONCALIERI
2637,MONCALIERI SANGONE
1766,MONCALVO
1769,MONDOVI`
285,MONEGLIA
1770,MONFALCONE
1771,MONGARDINO
92,MONGRASSANO-CERVICATI
1773,MONGUELFO-VALLE DI CASIES
1774,MONOPOLI
1448,MONSAMPOLO DEL TRONTO
1776,MONSELICE
1777,MONTAGNANA
1778,MONTAGUTO PANNI
1779,MONTALE AGLIANA
1781,MONTALTO DI CASTRO
1784,MONTANARO
1787,MONTE ANTICO
1790,MONTE S.BIAGIO-TERRACINA MARE
1791,MONTEBELLO
1792,MONTEBELLUNA
1793,MONTECALVO-BUONALBERGO-CASALBORE
1794,MONTECARLO S.SALVATORE
1795,MONTECAROTTO-CASTELBELLINO
5426,MONTECASTELLI
5425,MONTECASTELLI PONTE TEVERE
5455,MONTECASTRILLI
1796,MONTECATINI CENTRO
1797,MONTECATINI TERME-MONSUMMANO
1798,MONTECHIARO D`ASTI
1799,MONTECHIARO DENICE
5429,MONTECORONA
1800,MONTECORVINO
1801,MONTECOSARO
1803,MONTEFIASCONE
1804,MONTEFREDANE
94,MONTEGIORDANO
1805,MONTEGROSSO
1808,MONTELLO GORLAGO
1809,MONTELUPO CAPRAIA
1810,MONTEMAGGIORE BELSITO
1812,MONTEMARCIANO
1814,MONTENERO PETACCIATO
95,MONTEPAONE-MONTAURO
1816,MONTEPESCALI
1817,MONTEPRANDONE
1818,MONTEPULCIANO
1819,MONTEREALE VALCELLINA
1821,MONTERONI D'ARBIA
286,MONTEROSSO
1823,MONTEROSSO MARCHE
1824,MONTEROTONDO-MENTANA
1825,MONTESANTO
1826,MONTESILVANO
1827,MONTEU DA PO
1828,MONTEVARCHI TERRANUOVA
1830,MONTI TELTI
1832,MONTICELLI D'ONGINA
1833,MONTICELLO D`ALBA
1834,MONTIGLIO MURISENGO
1835,MONTIRONE
1837,MONTORO FORINO
1838,MONTORO SUPERIORE
1839,MONTORSI
1841,MONZA
1842,MONZA SOBBORGHI
1843,MONZONE-MONTE DEI BIANCHI-ISOLANO
1844,MONZUNO-VADO
1845,MORANO SUL PO
1846,MORBEGNO
1848,MORENGO BARIANO
1851,MORGEX
1852,MORI
1853,MORNAGO CIMBRO
1854,MOROLO
1856,MORREA-CASTRONOVO-RENDINARA
1857,MORROVALLE MONTE S.GIUSTO
1858,MORTARA
1859,MOSCIANO S.ANGELO
1860,MOSSA
3409,MOTTA DI LIVENZA
1862,MOTTA S.ANASTASIA
1863,MOTTA S.DAMIANO
96,MOTTA S.GIOVANNI LAZZARO
2317,MOZIA-BIRGI
1865,MOZZECANE
287,MULINETTI
1868,MURATELLA
1869,MURLO
783,MUSIANO-PIAN DI MACINA
1871,MUSSOTTO
1872,MUZZANA DEL TURGNANO
4020,NAPOLI AFRAGOLA
1873,NAPOLI CAMPI FLEGREI
1888,NAPOLI CENTRALE
1874,NAPOLI GIANTURCO
1876,NAPOLI MERGELLINA
1877,NAPOLI MONTESANTO
1878,NAPOLI PIAZZA AMEDEO
1879,NAPOLI PIAZZA CAVOUR
1880,NAPOLI PIAZZA GARIBALDI
1881,NAPOLI PIAZZA LEOPARDI
1882,NAPOLI S.GIOVANNI BARRA
1889,NARNI AMELIA
1893,NAVACCHIO
1894,NEIVE
2775,NEPEZZANO-PIANO D'ACCIO
1895,NERA MONTORO
1896,NETTUNO
1897,NIBBIA
5427,NICCONE
1898,NICHELINO
1899,NICORVO
97,NICOTERA
1901,NISCEMI
1902,NIZZA DI SICILIA
1903,NIZZA MONFERRATO
1904,NOALE-SCORZE'
1905,NOCERA INFERIORE
1906,NOCERA INFERIORE MERCATO
1907,NOCERA SUPERIORE
98,NOCERA TIRINESE
1908,NOCERA UMBRA
1909,NOCETO
1910,NOGARA
1911,NOLA
5040,NOLE
1912,NONE
1913,NOTARESCO
1914,NOTO
99,NOVA SIRI ROTONDELLA
1917,NOVARA
1918,NOVARA-MONTALBANO-FURNARI
1919,NOVATE-MEZZOLA
288,NOVI LIGURE
1922,NOZZANO
1923,NUCETTO
1924,NUOVO SALARIO
1925,NUS
1927,OCCHIOBELLO
3407,ODERZO
1929,OFFIDA CASTEL DI LAMA
1930,OGGIONO
2278,OGNINA PES
1931,OLBIA
3231,OLBIA TERRANOVA
1933,OLCENENGO
1934,OLCIO
1935,OLEGGIO
1936,OLEVANO
3426,OLGIATA
1937,OLGIATE-CALCO-BRIVIO
1939,OLIVERI TINDARI
290,OLIVETTA S.MICHELE
1940,OLMENETA
3403,OLMI SPERCENIGO
1941,OMEGNA
1942,OMEGNA-CRUSINALLO
101,OMIGNANO SALENTO
1943,ORA
1944,ORBETELLO-MONTE ARGENTARIO
1946,ORDONA
1947,ORIA
1948,ORICOLA-PERETO
1949,ORIO LITTA
1950,ORIOLO
1952,ORISTANO
1953,ORMEA
1954,ORNAVASSO
3520,ORSA
1955,ORSAGO
1956,ORSARA DI PUGLIA
1957,ORTA MIASINO
1958,ORTANOVA
1959,ORTE
1960,ORTONA
1961,ORVIETO
1962,OSCHIRI
1963,OSIMO CASTELFIDARDO
1964,OSNAGO
1965,OSOPPO
1968,OSPEDALETTO EUGANEO
1969,OSPEDALETTO LODIGIANO
1972,OSPITALE DI CADORE
1973,OSPITALETTO MANTOVANO
1974,OSPITALETTO TRAVAGLIATO
1210,OSTERIA NUOVA
1976,OSTIA PARMENSE
1977,OSTIGLIA
1978,OSTUNI
1979,OTTAVIA
1981,OULX CESANA CLAVIERE SESTRIERE
292,OVADA
1982,OVIGLIO
1983,OZIERI CHILIVANI
3516,OZZANO DELL'EMILIA
1985,OZZANO MONFERRATO
1986,OZZANO TARO
1994,PABILLONIS
1995,PACE DEL MELA
1996,PACECO
1998,PADERNO ROBBIATE
1999,PADIGLIONE
2000,PADOVA
2004,PADULI SUL CALORE
2005,PAESE
2006,PAESE CASTAGNOLE
104,PAESTUM
2007,PAGANI
2008,PAGANICA
2009,PALAGIANELLO
2010,PALAGIANO CHIATONA
2011,PALAGIANO MOTTOLA
5431,PALAZZACCIA
3462,PALAZZO REALE-ORLEANS
2014,PALAZZOLO DELLO STELLA
2015,PALAZZOLO SULL'OGLIO
2016,PALAZZOLO VERCELLESE
2017,PALENA
3463,PALERMO AEROPORTO
1990,PALERMO BRANCACCIO
897,PALERMO CARDILLO
2018,PALERMO CENTRALE
3176,PALERMO DE GASPERI
1368,PALERMO FRANCIA
2332,PALERMO GUADAGNA
2804,PALERMO LA MALFA
1992,PALERMO NOTARBARTOLO
2531,PALERMO S.LORENZO
3177,PALERMO SFERRACAVALLO
2871,PALERMO TOMMASO NATALE
3033,PALERMO VESPRI
2019,PALESTRO
2020,PALIDANO
105,PALIZZI
2021,PALLANZENO
2023,PALMA S.GENNARO
2024,PALMANOVA
106,PALMI
4042,PALMIRO TOGLIATTI
2027,PALOMBINA
2031,PANTANELLA
2032,PANTIERE DI CASTELBELLINO
107,PAOLA
5443,PAPIANO
2033,PARABIAGO
3401,PARATICO SARNICO
4026,PARCO LEONARDO
108,PARGHELIA
2035,PARMA
2036,PARONA LOMELLINA
2037,PARTINICO
2038,PASSIGNANO SUL TRASIMENO
2082,PASTENA
2040,PATERNO-S.PELINO
2044,PATTI-S.PIERO PATTI
2045,PAULILATINO
2046,PAVIA
2301,PAVIA PORTA GARIBALDI
2047,PAVONA
802,PC CALDIERO
1250,PC DOLCE'
2067,PC MEANA
2080,PEDASO
2081,PEDEROBBA CAVASO POSSAGNO
2084,PELLEZZANO
2085,PENANGO
2086,PERAROLO DI CADORE
723,PERCA-PLAN DE CORONES
2088,PERGINE
2089,PERGOLA
2090,PERI
2092,PERUGIA
4084,PERUGIA CAPITINI
5458,PERUGIA PALLOTTA
2093,PERUGIA PONTE S.GIOVANNI
5459,PERUGIA S.ANNA
3474,PERUGIA SILVESTRINI 
3475,PERUGIA UNIVERSITA'
2094,PESARO
2096,PESCARA
2097,PESCARA PORTA NUOVA
47,PESCARA S.MARCO
3057,PESCARA TRIBUNALE
2099,PESCHIERA DEL GARDA
2100,PESCIA
2101,PESCINA
2102,PESCOCANALE
2103,PESCOLANCIANO-CHIAUCI
2105,PESSIONE
2106,PETROSINO STRASATTI
2107,PETTENASCO
2109,PETTORANO SUL GIZIO
2111,PIACENZA
2112,PIADENA
3414,PIAN DEL MUGNONE
5448,PIAN DI PORTO
3523,PIAN DI VENOLA
2116,PIANA
2117,PIANA BELLA DI MONTELIBRETTI
2120,PIANEROTTOLO D'ARIANO
2121,PIANFEI
2123,PIANO D'ORTA BOLOGNANO
294,PIANO ORIZZONTALE DEI GIOVI
2125,PIANORO
2126,PIANZANO
2127,PIAZZA AL SERCHIO
2283,PICANELLO
2129,PICERNO
3450,PIEDIMONTE-VILLA S.LUCIA-AQUINO
2131,PIEDIMULERA
5430,PIERANTONIO
295,PIETRA LIGURE
296,PIETRABISSARA
2133,PIETRAGALLA
2134,PIETRARSA-S.GIORGIO A CREMANO
2135,PIETRASANTA
2137,PIETRELCINA
2138,PIEVE ALBIGNOLA
1749,PIEVE EMANUELE
297,PIEVE LIGURE
3350,PIEVE VERGONTE
2141,PIEVETTA
2142,PIGNATARO MAGGIORE
2143,PINAROLO PO
2144,PINEROLO
29,PINEROLO OLIMPICA
2145,PINETO ATRI
2146,PINZANO
2147,PIOLTELLO LIMITO
2148,PIOMBINO
2149,PIOMBINO DESE
2150,PIOMBINO MARITTIMA
2151,PIONA
2152,PIOPPE DI SALVARO
3439,PIRAINETO
2156,PISA CENTRALE
2157,PISA/BINARI PISA S.ROSSORE
5270,PISCILLE
2158,PISCINA DI PINEROLO
111,PISCIOTTA PALINURO
2160,PISTICCI
2161,PISTOIA
2162,PISTOIA OVEST
2163,PITECCIO
1596,PIZZALE-LUNGAVILLA
2164,PIZZIGHETTONE
112,PIZZO
2166,PLOAGHE
1080,PM CHAMBAVE
57,PM ECCELLENTE
61,PM FEROLETO ANTICO PIANOPOLI
66,PM GABELLA GRANDE
73,PM ISOLA CAPO RIZZUTO
1505,PM ISPRA
93,PM MONTALTO ROSE
1836,PM MONTJOVET
2306,PM QUART
147,PM S.LEONARDO DI CUTRO
148,PM S.MAURO LA BRUCA
168,PM THURIO
2186,POCAPAGLIA
2187,POGGIBONSI-S.GIMIGNANO
2189,POGGIO FIDONI
2190,POGGIO IMPERIALE
2191,POGGIO MIRTETO
2192,POGGIO RENATICO
2193,POGGIO RUSCO
2188,POGGIO-CAREGGINE-VAGLI
2195,POGGIRIDENTI-TRESIVIO-PIATEDA
2197,POLESELLA
113,POLICASTRO BUSSENTINO
114,POLICORO TURSI
2198,POLIGNANO A MARE
2199,POLLENZA
2200,POLLINA-S.MAURO CASTELVERDE
2202,POMEZIA-S.PALOMBA
2203,POMPEI
2204,PONT-SAINT-MARTIN
2205,PONTASSIEVE
2206,PONTE A ELSA
2207,PONTE A MORIANO
2208,PONTE A TRESSA
2209,PONTE ALBANITO
2210,PONTE CASALDUNI
2211,PONTE D'ADDA
2212,PONTE D'ADIGE
2213,PONTE DELLA VENTURINA
2297,PONTE DI NONA
3406,PONTE DI PIAVE
5268,PONTE FELCINO
2215,PONTE GALERIA
2216,PONTE GARDENA-LAION
2217,PONTE GINORI
2218,PONTE IN VALTELLINA
2219,PONTE NELLE ALPI POLPET
5434,PONTE PATTOLI
2221,PONTE S.CONO
2222,PONTE S.MARCO-CALCINATO
2223,PONTE S.PIETRO
3153,PONTE S.STEFANO
3154,PONTE SCHIAVO
5438,PONTE VALLECEPPI
2224,PONTEBBA
2225,PONTECAGNANO
2226,PONTECCHIO MARCONI
2228,PONTECURONE
2229,PONTEDERA CASCIANA TERME
2230,PONTELAGOSCURO
2232,PONTENURE
298,PONTETTO
2233,PONTI
2234,PONTICINO
2235,PONTIDA
2236,PONTREMOLI
2240,POPOLANO DI MARRADI
2241,POPOLI VITTORITO
2242,POPULONIA
2243,PORCARI
2244,PORDENONE
2245,PORRETTA  TERME
2246,PORTACOMARO
2247,PORTICI-ERCOLANO
2250,PORTO CERESIO
2251,PORTO D'ASCOLI
2252,PORTO DI VASTO
2253,PORTO EMPEDOCLE
3230,PORTO EMPEDOCLE SUCCURSALE
2254,PORTO RECANATI
2255,PORTO S.ELPIDIO
2256,PORTO S.GIORGIO FERMO
2257,PORTO TORRES
2258,PORTO TORRES MARITTIMA
2260,PORTO VALTRAVAGLIA
2261,PORTOGRUARO CAORLE
2262,PORTOMAGGIORE
2264,POSSIDENTE
2265,POSTIOMA
2266,POTENZA CENTRALE
2267,POTENZA MACCHIA ROMANA
2070,POTENZA PICENA MONTELUPONE
2268,POTENZA SUPERIORE
426,POTENZA UNIVERSITA'
2270,POVO-MESIANO
2271,POZZALLO
300,POZZOLO FORMIGARO
2272,POZZUOLI SOLFATARA
380,POZZUOLO MARTESANA
2273,PRACCHIA
115,PRAJA AJETA TORTORA
301,PRASCO CREMOLINO
2275,PRATA CAMPORTACCIO
2276,PRATA PRATOLA
2277,PRATIGNONE
356,PRATO BORGONUOVO
2279,PRATO CENTRALE
2280,PRATO PORTA AL SERRAGLIO
2281,PRATO SESIA
2285,PRATOLA PELIGNA
2284,PRATOLA PELIGNA SUPERIORE
2286,PRE'-SAINT-DIDIER
2287,PREGANZIOL
381,PREGNANA MILANESE
2290,PREMOSELLO CHIOVENDA
5437,PRETOLA
2291,PREZZA
2292,PRIMOLANO
2293,PRIOLA
2294,PRIOLO MELILLI
2298,PRIVERNO FOSSANOVA
2305,QUARONA
2308,QUARTO D'ALTINO
2309,QUARTO DI MARANO
4033,QUATTRO VENTI
1243,QUATTRO VILLE
2310,QUERCIANELLA-SONNINO
2311,QUERO VAS
304,QUILIANO-VADO LIGURE
2314,RACALMUTO
2315,RACCONIGI
2318,RAGUSA
2319,RAGUSA IBLA
2320,RAIANO
5435,RAMAZZANO
5424,RANCHI
305,RAPALLO
2323,RAPOLANO TERME
3521,RASTIGNANO
2327,RAVENNA
2329,RECALE
306,RECCO
2330,REDIPUGLIA
1305,REGGIO CALABRIA AEROPORTO
119,REGGIO DI CALABRIA ARCHI
120,REGGIO DI CALABRIA BOCALE
121,REGGIO DI CALABRIA CATONA
116,REGGIO DI CALABRIA CENTRALE
122,REGGIO DI CALABRIA GALLICO
123,REGGIO DI CALABRIA LIDO
124,REGGIO DI CALABRIA OMECA
125,REGGIO DI CALABRIA PELLARO
2693,REGGIO DI CALABRIA PENTIMELE
126,REGGIO DI CALABRIA S.CATERINA
127,REGGIO DI CALABRIA S.GREGORIO
2331,REGGIO EMILIA
4054,REGGIO EMILIA AV MEDIOPADANA
2335,REMEDELLO SOPRA
2336,REMEDELLO SOTTO
2337,RENATE-VEDUGGIO
2338,RESANA
2345,RHO
3098,RHO FIERA
128,RIACE
2349,RIARDO-PIETRAMELARA
129,RICADI-CAPO VATICANO
2350,RICCIONE
2351,RIDOTTI-COLLEPIANO
2352,RIETI
2354,RIGNANO SULL'ARNO REGGELLO
2355,RIGOLI
2356,RIGOMAGNO
307,RIGOROSO
2358,RIMINI
2346,RIMINI MIRAMARE
2347,RIMINI TORRE PEDRERA
2348,RIMINI VISERBA
3522,RIMINIFIERA
2359,RIO DI PUSTERIA
2361,RIOLA
309,RIOMAGGIORE
2362,RIONERO ATELLA RIPACANDIDA
2363,RIPABOTTONI S.ELIA
2364,RIPAFRATTA
2367,RIPARBELLA
2368,RISANO
310,RIVA TRIGOSO
311,RIVALTA SCRIVIA
5025,RIVAROLO
2373,RIVISONDOLI-PESCOCOSTANZO
2391,ROBBIO
2392,ROBECCO-PONTEVICO
2393,ROBILANTE
2394,ROCCA D'EVANDRO-S.VITTORE
2395,ROCCA DI CORNO
2396,ROCCA DI FONDI
130,ROCCA IMPERIALE
2397,ROCCA RAVINDOLA
131,ROCCABERNARDA
2400,ROCCALUMERA MANDANICI
2402,ROCCAPALUMBA-ALIA
2404,ROCCARASO
2405,ROCCASECCA
2406,ROCCASTRADA
2408,ROCCAVIONE
2409,ROCCAVIVI
1244,ROCCELLA
132,ROCCELLA JONICA
2410,ROCCHETTA CAIRO
2411,ROCCHETTA S.ANTONIO-LACEDONIA
2412,ROCCHETTA TANARO-CERRO
2413,RODALLO
2415,ROLO NOVI FABBRICO
2374,ROMA AURELIA
2375,ROMA BALDUINA
2377,ROMA MONTE MARIO
3411,ROMA NOMENTANA LL
2378,ROMA NOMENTANA LM
2379,ROMA OSTIENSE
2381,ROMA PRENESTINA
2382,ROMA S.FILIPPO NERI
2383,ROMA S.PIETRO
2416,ROMA TERMINI
2385,ROMA TIBURTINA
2387,ROMA TRASTEVERE
2388,ROMA TUSCOLANA
2417,ROMAGNANO SESIA
2418,ROMAGNANO-VIETRI-SALVITELLE
2419,ROMANO
2420,ROMANORE
2421,ROMETTA MESSINESE
2423,RONCEGNO BAGNI-MARTER
2424,RONCHI DEI LEGIONARI NORD
313,RONCO SCRIVIA
2427,RONTA
2428,ROSA'
133,ROSARNO
134,ROSETO CAPO SPULICO
2429,ROSETO DEGLI ABRUZZI
2430,ROSIGNANO
2431,ROSOLINA
2432,ROSOLINI
135,ROSSANO
2433,ROSSANO VENETO
314,ROSSIGLIONE
2434,ROSTA
2435,ROTTOFRENO
2436,ROVASENDA
3509,ROVASENDA ALTA
2437,ROVATO
2438,ROVERBELLA
2440,ROVERETO
2443,ROVIANO
2444,ROVIGLIANO
2445,ROVIGO
2448,RUBIERA
2449,RUDALZA
2451,RUFINA
2452,RUSSI
2453,S.AGAPITO LONGANO
2454,S.AGATA DI MILITELLO
2455,S.AGATA SUL SANTERNO
2456,S.ALESSIO SICULO-FORZA D'AGRO'
2457,S.AMBROGIO
138,S.ANDREA DELLO JONIO
2460,S.ANNA DI CHIOGGIA
2461,S.ANNA ROBELLA
2462,S.ANTIMO-S.ARPINO
2463,S.ANTONINO DI SALUGGIA
2464,S.ANTONINO VAIE
2465,S.ANTONIO MANTOVANO
5433,S.BARTOLOMEO-RESINA
2469,S.BENEDETTO DEL TRONTO
2470,S.BENEDETTO SAMBRO-CASTIGLIONE PEPOLI
5022,S.BENIGNO
2473,S.BIAGIO
3404,S.BIAGIO DI CALLALTA
2474,S.BONIFACIO
2475,S.CANDIDO
2476,S.CASSIANO
2477,S.CASSIANO VALCHIAVENNA
2478,S.CATALDO
140,S.CATERINA DELLO JONIO
2479,S.CLAUDIO
2481,S.CRISTINA E BISSONE
2480,S.CRISTOFORO AL LAGO-ISCHIA
2482,S.CROCE DEL LAGO
2485,S.DAMIANO D'ASTI
2486,S.DEMETRIO DE' VESTINI
151,S.DOMENICA
2489,S.DONA' DI PIAVE-JESOLO
2487,S.DONATO MILANESE
2490,S.DONNINO BADIA
2491,S.ELENA-ESTE
2492,S.ELLERO
2494,S.EUROSIA
2495,S.FELICE SUL PANARO
2496,S.FILIPPO
2498,S.FLAVIA-SOLUNTO-PORTICELLO
2500,S.FREDIANO A SETTIMO
2501,S.GAVINO
3431,S.GENNARO
2502,S.GERMANO VERCELLESE
2504,S.GIACOMO DI TEGLIO
2505,S.GIORGIO
2506,S.GIORGIO CASALE
2508,S.GIORGIO DELLE PERTICHE
2507,S.GIORGIO DI NOGARO
2510,S.GIORGIO DI PIANO
2515,S.GIOVANNI AL NATISONE
3562,S.GIOVANNI DI CASARSA
2513,S.GIOVANNI IN CROCE
2516,S.GIOVANNI IN PERSICETO
2517,S.GIOVANNI VALDARNO
2518,S.GIULETTA
2520,S.GIULIANO MILANESE
2521,S.GIULIANO PIACENTINO
2522,S.GIULIANO PIEMONTE
2523,S.GIULIANO TERME
318,S.GIUSEPPE DI CAIRO
2525,S.GIUSTINA-CESIO
5414,S.GIUSTINO
2526,S.ILARIO D'ENZA
3069,S.LAZZARO DI SAVENA
2529,S.LIBERATO
3091,S.LORENZO
2530,S.LORENZO MAGGIORE
142,S.LUCIDO MARINA
2535,S.MARCELLINO FRIGNANO
2536,S.MARCO D'ALUNZIO-TORRENOVA
143,S.MARCO ROGGIANO
3412,S.MARCO VECCHIO
315,S.MARGHERITA LIGURE PORTOFINO
2538,S.MARIA CAPUA VETERE
2540,S.MARIA DELLE MOLE
2542,S.MARIA LA BRUNA
2541,S.MARIA LA LONGA
2544,S.MARINELLA
2545,S.MARINO
2546,S.MARTINO AL CIMINO
2548,S.MARTINO BUONALBERGO
1039,S.MARTINO CAVA
2549,S.MARTINO DI LUPARI
5440,S.MARTINO IN CAMPO
2550,S.MARTINO IN GATTARA
5038,S.MAURIZIO CANAVESE
3207,S.MICHELE
2556,S.MICHELE DI SERINO
2557,S.MICHELE IN BOSCO
2558,S.MINIATO FUCECCHIO
2559,S.MOMME'
2560,S.NAZARIO
2561,S.NICOLA TONNARA
2564,S.NICOLO
2568,S.PAOLO SOLBRITO
2569,S.PATRIZIO
3377,S.PIERO A SIEVE
145,S.PIETRO A MAIDA-MAIDA
2571,S.PIETRO A VICO
2572,S.PIETRO AVELLANA-CAPRACOTTA
2573,S.PIETRO BERBENNO
2574,S.PIETRO IN CASALE
2575,S.PIETRO IN GU'
2576,S.PIETRO VERNOTICO
2580,S.ROMANO-MONTOPOLI-S.CROCE
2581,S.SEBASTIANO PO
2582,S.SEVERA
2583,S.SEVERINO MARCHE
2584,S.SEVERO
2587,S.STEFANO BELBO
2588,S.STEFANO DI CAMASTRA-MISTRETTA
2590,S.STEFANO DI MAGRA
2589,S.STEFANO LODIGIANO
2591,S.STEFANO UDINESE
2592,S.STINO DI LIVENZA
2593,S.TERESA DI RIVA
2594,S.TERESA LONGARINI
4080,S.TROVASO
2597,S.VINCENZO
2598,S.VINCENZO VALLE ROVETO
2599,S.VITO AL TAGLIAMENTO
2600,S.VITO DEI NORMANNI
2601,S.VITO LANCIANO
2602,S.VITTORIA
2603,S.ZENO FOLZANO
2604,S.ZENONE AL LAMBRO
2605,SACILE
2606,SACILE S.LIBERALE
2607,SAGRADO
2609,SAINT-PIERRE
3380,SAIRANO
2611,SAIRANO ZINASCO
2612,SALA AL BARRO-GALBIATE
2613,SALANDRA-GROTTOLE
2614,SALBERTRAND
2615,SALE LANGHE
2616,SALEMI GIBELLINA
2617,SALERNO
2618,SALERNO IRNO
2619,SALETTO
2620,SALICETO
146,SALINE DI REGGIO
2621,SALONE
2622,SALORNO
2623,SALSOMAGGIORE TERME
2624,SALUGGIA
2625,SALUSSOLA
2626,SALUZZO
2629,SALZANO ROBEGANO
2630,SAMASSI SERRENTI
2631,SAMOGGIA
2632,SAMOLACO
2633,SAMPIERI
5451,SAN FAUSTINO-CASIGLIANO
3155,SAN PAOLO
3200,SAN POLO MATESE
2634,SANDIGLIANO
2635,SANFRE`
5456,SANGEMINI
2636,SANGIANO
2638,SANGUINETTO
2639,SANLURI STATO
2640,SANNAZZARO
320,SANREMO
5421,SANSECONDO
5460,SANSEPOLCRO
2466,SANTARCANGELO DI ROMAGNA
2644,SANTE MARIE
2646,SANTERAMO
2647,SANTHIA'
2648,SANTOPADRE
322,SANTUARIO
153,SAPRI
2651,SARMATO
2652,SARNO
2654,SARRE
2655,SARTIRANA
2656,SARZANA
2657,SASSA TORNIMPARTE
2658,SASSARI
2660,SASSO MARCONI
2661,SASSOFERRATO ARCEVIA
2662,SASSONE
2664,SAVIGLIANO
2665,SAVIGNANO GRECI
2666,SAVIGNANO SUL RUBICONE
323,SAVONA
2668,SCAFA S.VALENTINO-CARAMANICO TERME
2669,SCAFATI
154,SCALEA S.DOMENICA TALAO
2672,SCALETTA ZANCLEA
155,SCANZANO JONICO-MONTALBANO JONICO
2676,SCARLINO
3560,SCERNE DI PINETO
2678,SCHIO
2681,SCICLI
156,SCILLA
3438,SCOPETI
2683,SCORCETOLI
2684,SCORDIA
2685,SCURCOLA MARSICANA
2686,SECUGNAGO
2687,SEDICO BRIBANO
2688,SEGESTA TEMPIO
3507,SEGRATE
5415,SELCI LAMA
2689,SELLA DI CORNO
157,SELLIA MARINA
2694,SENIGALLIA
2696,SEREGNO
4041,SERENISSIMA
2697,SERIATE
2698,SERINO
2700,SERRA S.QUIRICO
2701,SERRADIFALCO
2702,SERRALUNGA CERESETO
2703,SERRAMANNA NURAMINIS
2707,SERRAVALLE ALL'ADIGE
2705,SERRAVALLE D'ASTI
2706,SERRAVALLE PISTOIESE
326,SERRAVALLE SCRIVIA
2710,SESSA AURUNCA-ROCCAMONFINA
2711,SESSANO DEL MOLISE
2713,SESTO CALENDE
2714,SESTO CAMPANO
2715,SESTO FIORENTINO
2716,SESTO S.GIOVANNI
327,SESTRI LEVANTE
2717,SETTEBAGNI
2718,SETTEQUERCE
2719,SETTIME CINAGLIO MOMBARONE
2720,SETTIMO
158,SETTINGIANO
2722,SEVEGLIANO
2724,SEZZADIO
2725,SEZZE ROMANO
2727,SGURGOLA
159,SIBARI
2728,SICIGNANO DEGLI ALBURNI
160,SIDERNO
2729,SIECI
2730,SIENA
2731,SIENA ZONA INDUSTRIALE
2732,SIGNA
2734,SILIQUA
2735,SILLA
2736,SILLAVENGO
2737,SILVI
161,SIMERI CRICHI
2738,SINALUNGA
2739,SIPICCIANO
2740,SIPICCIANO S.NICOLA
2741,SIPONTO
2742,SIRACUSA
2744,SISTIANA-VISOGLIANO
2745,SIZZANO
2747,SOFFRATTA
2748,SOLAGNA
2749,SOLAROLO
2750,SOLARUSSA
2751,SOLERO
5432,SOLFAGNANO-PARLESCA
2753,SOLIGNANO
2754,SOLOFRA
2756,SOLOPACA
2757,SOMMA LOMBARDO
2759,SOMMARIVA DEL BOSCO
2760,SONDRIO
2761,SORA
2763,SORESINA
2764,SORGENTI DEL PESCHIERA
328,SORI
162,SOVERATO
651,SPADAFORA
2766,SPAGNUOLA
2768,SPARANISE
2770,SPELLO
163,SPEZZANO ALBANESE TERME
2771,SPIGNO
2772,SPINAZZOLA
4083,SPINEA
2773,SPINETOLI COLLI
2441,SPINETOLI VILLA S.PIO X
2774,SPINETTA
2776,SPOLETO
329,SPOTORNO NOLI
2778,SPRESIANO
164,SQUILLACE
2779,SQUINZANO
2780,ST.DALMAS DE TENDE
85099,STABIO
2784,STANGHELLA
2785,STAZIONE PER L'ALPAGO
3596,STEZZANO
2787,STICCIANO
2788,STIMIGLIANO
2789,STRADA CASALE
2790,STRADELLA
2791,STRAMBINO
2792,STRASSOLDO
2793,STRESA
2794,STREVI
2795,STRIGNO
165,STRONGOLI
2797,SU CANALE
2798,SULMONA
2799,SULMONA-INTRODACQUA
2800,SUNO
2801,SUSA
2802,SUSEGANA
2803,SUZZARA
331,TAGGIA ARMA
2805,TAGLIACOZZO
2807,TAINO ANGERA
2808,TALAMONA
2809,TALAMONE
2810,TAORMINA-GIARDINI
2811,TARANTO
2812,TARCENTO
2813,TARGIA
2815,TARQUINIA
166,TARSIA
3443,TARVISIO BOSCOVERDE
2818,TASSIGNANO-CAPANNORI
2820,TAVAZZANO
2822,TEANO
2823,TEGLIO VENETO
2825,TELESE CERRETO
3461,TEMPIO DI VULCANO
2826,TENDE
2827,TERAMO
2828,TERLANO-ANDRIANO
2829,TERME EUGANEE-ABANO-MONTEGROTTO
2830,TERME VIGLIATORE
2831,TERMINI IMERESE
2832,TERMOLI
2833,TERNATE VARANO BORGHI
2834,TERNI
5457,TERNI BORGO RIVO
2835,TERNI COSPEA
2836,TERNO
2837,TERONTOLA CORTONA
2838,TERRACINA
2842,TERRENOVE
2845,TERZO MONTABONE
2846,TEZZE DI GRIGNO
2847,THIENE
2849,TIONE DEGLI ABRUZZI
2850,TIRANO
2852,TITO
2853,TIVOLI
2867,TOCCO CASTIGLIONE
5449,TODI PONTE NAIA
5386,TODI PONTE RIO
2868,TOLENTINO
2869,TOLLO CANOSA SANNITA
2872,TONCO ALFIANO
2873,TOR SAPIENZA
3430,TOR VERGATA
2874,TORA PRESENZANO
169,TORANO LATTARICO
5037,TORINO AEROPORTO DI CASELLE
5388,TORINO CORSO GROSSETO
2855,TORINO LINGOTTO
2876,TORINO PORTA NUOVA
3163,TORINO PORTA SUSA
194,TORINO REBAUDENGO FOSSATA
2864,TORINO STURA
2878,TORRAZZA PIEMONTE
2879,TORRE ANNUNZIATA CENTRALE
2880,TORRE ANNUNZIATA CITTA'
2881,TORRE DE' PICENARDI
2882,TORRE DEI PASSERI
2883,TORRE DEL GRECO
2884,TORRE DEL LAGO PUCCINI
2886,TORRE IN PIETRA-PALIDORO
171,TORRE MELISSA
172,TORRE ORSAIA
2887,TORRE PELLICE
2889,TORREBERETTI
688,TORREGROTTA
173,TORREMEZZO DI FALCONARA
2892,TORRICELLA
2893,TORRICOLA
2894,TORRILE S.POLO
2079,TORRIONE
2895,TORRITA DI SIENA
332,TORTONA
2897,TORTORETO LIDO
174,TOSCANO
2900,TRABIA
3165,TRACCIA
2902,TRANI
2903,TRAPANI
2904,TRAPPA
2905,TRAPPETO
2906,TRAVEDONA BIANDRONNO
2907,TRAVESIO
2908,TRE CROCI
2140,TREBASELEGHE
5412,TREBBIO
175,TREBISACCE
2909,TRECATE
2910,TRECELLA
2911,TREMESTIERI
2912,TRENTO
4079,TRENTO S.BARTOLAMEO
4030,TRENTO S.CHIARA
2914,TREPUZZI
2916,TRESENDA-APRICA-TEGLIO
5423,TRESTINA
2918,TREVI
2919,TREVIGLIO
2920,TREVIGLIO OVEST
2921,TREVIGNANO SIGNORESSA
2922,TREVISO CENTRALE
2923,TREZZANO SUL NAVIGLIO
2924,TRICESIMO-S.PELAGIO
3182,TRIESTE AIRPORT
2925,TRIESTE CENTRALE
2927,TRINITA' BENE VAGIENNA
2926,TRINITAPOLI-S.FERDINANDO DI PUGLIA
2928,TRINO VERCELLESE
2930,TRIUGGIO-PONTE ALBIATE
2931,TRIVIGNO
2932,TROFARELLO
2934,TROMELLO
2935,TRONZANO
176,TROPEA
2948,TUFO
2949,TUORO SUL TRASIMENO
2950,TUSA
2956,UDINE
2958,UGOVIZZA VALBRUNA
5428,UMBERTIDE
2960,URAS MOGORO
2961,URBISAGLIA SFORZACOSTA
2964,VADA
3420,VAGLIA
2966,VAIANO
3158,VAIO OSPEDALE
2967,VAIRANO-CAIANELLO
385,VAL D'ALA
2970,VALDAORA-ANTERSELVA
2973,VALENZA
3429,VALLE AURELIA
1631,VALLE DELL'ANIENE-MANDELA-SAMBUCI
2975,VALLE DI MADDALONI
2977,VALLE DI MERCATO S.SEVERINO
2976,VALLE LOMELLINA
337,VALLECROSIA
2978,VALLEDOLMO
2980,VALLELUNGA
177,VALLO DELLA LUCANIA-CASTELNUOVO
2981,VALMADONNA
2982,VALMADRERA
2983,VALMONTONE
2985,VALTOPINA
2986,VANDOIES
2987,VANZAGO POGLIANO
2989,VAPRIO D'AGOGNA
2990,VARALLO POMBIA
2991,VARALLO SESIA
2992,VARANO
338,VARAZZE
2993,VARENNA ESINO
2994,VARESE
2995,VARIGNANA
2998,VASTO S.SALVO
2999,VASTOGIRARDI
3006,VELLETRI
3007,VENAFRO
5034,VENARIA REALE REGGIA
5033,VENARIA REALE RIGOLA STADIO
3000,VENEZIA CARPENEDO
3002,VENEZIA MESTRE
3538,VENEZIA MESTRE OSPEDALE
3004,VENEZIA PORTO MARGHERA
3009,VENEZIA S.LUCIA
339,VENTIMIGLIA
3011,VENZONE
3012,VERBANIA-PALLANZA
3013,VERCEIA
3014,VERCELLI
3015,VERCURAGO S.GIROLAMO
3016,VERDELLO DALMINE
3017,VERGATO
3018,VERGIATE
3019,VERGNASCO
3020,VERNANTE
341,VERNAZZA
3021,VERNIO MONTEPIANO CANTAGALLO
3022,VEROLANUOVA
3023,VEROLENGO
3025,VERONA PORTA NUOVA
3027,VERONA PORTA VESCOVO
3030,VERRES
3031,VERZUOLO
3032,VESPOLATE
3034,VETRALLA
3035,VEZZANO LIGURE
3038,VIADANA BRESCIANA
3039,VIAREGGIO
178,VIBO MARINA
179,VIBO VALENTIA-PIZZO
3042,VICCHIO
3043,VICENZA
3045,VICOFERTILE
3046,VICOFORTE S.MICHELE
3047,VICOVARO
3048,VIDALENGO
3049,VIETRI SUL MARE-AMALFI
3050,VIEVOLA
3053,VIGEVANO
3054,VIGLIANO CANDELO
3056,VIGLIANO D'ASTI
2627,VIGNA CLARA PES
3058,VIGNA DI VALLE
3059,VIGNALE
3060,VIGNALE RIOTORTO
3061,VIGNATE
3062,VIGODARZERE
3064,VIGONZA PIANIGA
3065,VILLA BONELLI
3068,VILLA CLAUDIA
3070,VILLA DEL CONTE
3071,VILLA DI TIRANO
3072,VILLA LITERNO
3073,VILLA OPICINA
5436,VILLA PITIGNANO
3074,VILLA RAVERIO
183,VILLA S.GIOVANNI
182,VILLA S.GIOVANNI CANNITELLO
3076,VILLA S.MICHELE
3077,VILLA S.SEBASTIANO
3079,VILLABARTOLOMEA
3080,VILLABASSA-BRAIES-VAL DI BRAIES
3083,VILLADOSSOLA
3087,VILLAFRANCA DI VERONA
3089,VILLAFRANCA TIRRENA-SAPONARA
3085,VILLAFRANCA-BAGNONE
3086,VILLAFRANCA-CANTARANA
3090,VILLALBA
3092,VILLAMAGGIORE
3093,VILLAMASSARGIA DOMUSNOVAS
5041,VILLANOVA CANAVESE-GROSSO
3094,VILLANOVA D'ARDA
3095,VILLANOVA D'ARDENGHI
3096,VILLANOVA D'ASTI
3097,VILLANOVA DI REGGIOLO
184,VILLAPIANA LIDO
185,VILLAPIANA TORRE CERCHIARA
3100,VILLAROSA
3101,VILLASANTA PARCO
3102,VILLASOR
3103,VILLASPECIOSA UTA
3104,VILLASTELLONE
3105,VILLAVERLA MONTECCHIO
3106,VILLAZZANO
3107,VILLENEUVE
3108,VILLETTA
3109,VILLETTA MALAGNINO
3110,VILLETTA S.ROMANO
3111,VILPIANO-NALLES
3112,VINCHIATURO
3113,VIPITENO-VAL DI VIZZE
3114,VISANO
343,VISONE
3115,VITERBO PORTA FIORENTINA
3116,VITERBO PORTA ROMANA
3117,VITTORIA
3118,VITTORIO VENETO
3119,VITTUONE ARLUNO
3120,VITULANO FOGLIANISE
3122,VIZZINI-LICODIA
3123,VOGHERA
3125,VOGOGNA OSSOLA
5021,VOLPIANO
3126,VOLTANA
3127,VOLTERRA SALINE-POMARANCE
3129,ZAGAROLO
3130,ZAMBRA
187,ZAMBRONE
3131,ZAPPULLA
3134,ZINASCO NUOVO
344,ZOAGLI